{
    "name": "All Web Site Data",
    "id": "132100250|undefined",
    "type": "custom",
    "source": "google_analytics",
    "dataByBrowser": {
        "ie": {
            "6": 0,
            "7": 0,
            "8": 0.00003464501676472361,
            "9": 0.00024251511735306529,
            "10": 0.0035684367267665323,
            "11": 0.12153471881065044
        },
        "edge": {
            "12": 0.02653808284177829,
            "13": 0.1054940760485834,
            "14": 2.969666902021814,
            "15": 0.2592486604504268
        },
        "firefox": {
            "2": 0,
            "3": 0.00024251511735306529,
            "4": 0.00003464501676472361,
            "5": 0,
            "6": 0,
            "7": 0,
            "8": 0,
            "9": 0,
            "10": 0,
            "11": 0,
            "12": 0,
            "13": 0,
            "14": 0,
            "15": 0.00024251511735306529,
            "16": 0,
            "17": 0,
            "18": 0.00003464501676472361,
            "19": 0,
            "20": 0.00048503023470613057,
            "21": 0.00034645016764723615,
            "22": 0,
            "23": 0.00003464501676472361,
            "24": 0.00006929003352944723,
            "25": 0.00003464501676472361,
            "26": 0,
            "27": 0,
            "28": 0.0006929003352944723,
            "29": 0.00048503023470613057,
            "30": 0.00024251511735306529,
            "31": 0.002251926089707035,
            "32": 0.0006929003352944723,
            "33": 0.0014550907041183917,
            "34": 0.017911473667362107,
            "35": 0.0023212161232364823,
            "36": 0.00003464501676472361,
            "37": 0,
            "38": 0.01811934376795045,
            "39": 0.005473912648826331,
            "40": 0.00374166181059015,
            "41": 0.0124722060353005,
            "42": 0.013372976471183316,
            "43": 0.004711722280002412,
            "44": 0.0023212161232364823,
            "45": 0.05983194395267768,
            "46": 0.006478618135003316,
            "47": 0.05165571999620291,
            "48": 0.030764774887074568,
            "49": 0.06443973118238591,
            "50": 0.7439324449889101,
            "51": 2.0095149074042635,
            "52": 2.397088709951227,
            "53": 1.5621438059213877,
            "54": 0.017911473667362107,
            "55": 0.0020094109723539696,
            "56": 0,
            "3.5": 0,
            "3.6": 0
        },
        "chrome": {
            "4": 0,
            "5": 0,
            "6": 0,
            "7": 0.00010393505029417083,
            "8": 0,
            "9": 0,
            "10": 0,
            "11": 0.0007621903688239195,
            "12": 0,
            "13": 0,
            "14": 0,
            "15": 0,
            "16": 0,
            "17": 0,
            "18": 0,
            "19": 0,
            "20": 0,
            "21": 0.00041574020117668333,
            "22": 0.00006929003352944723,
            "23": 0.0005889652850003015,
            "24": 0.00010393505029417083,
            "25": 0.00003464501676472361,
            "26": 0.0005889652850003015,
            "27": 0.00034645016764723615,
            "28": 0.00024251511735306529,
            "29": 0,
            "30": 0.0008314804023533667,
            "31": 0.015209162359713667,
            "32": 0.0006582553185297486,
            "33": 0.000623610301765025,
            "34": 0.003949531911178491,
            "35": 0.01777289360030321,
            "36": 0.0005196752514708542,
            "37": 0.006305393051179698,
            "38": 0.0021133460226481406,
            "39": 0.01160608061618241,
            "40": 0.0012818656202947737,
            "41": 0.0031873415423545725,
            "42": 0.014412326974125023,
            "43": 0.04919592380590753,
            "44": 0.009146284425887033,
            "45": 0.18614767507685998,
            "46": 0.06790423285885828,
            "47": 0.027300273210602206,
            "48": 0.07857489802239315,
            "49": 0.16380163926361324,
            "50": 0.19473963923451143,
            "51": 0.28034747566014345,
            "52": 0.14381146459036773,
            "53": 0.29697708370721076,
            "54": 0.21472981390775694,
            "55": 6.790180770768475,
            "56": 29.511318180526867,
            "57": 16.334536439282182,
            "58": 9.071624414759054,
            "59": 0.07258131012209597,
            "60": 0.019539789455304116,
            "61": 0
        },
        "safari": {
            "4": 0,
            "5": 0,
            "6": 0.00024251511735306529,
            "7": 0.000450385217941407,
            "8": 0.017807538617067936,
            "9": 0.015520967510596178,
            "10": 0.2739035025419049,
            "3.1": 0,
            "3.2": 0,
            "5.1": 0.0005889652850003015,
            "6.1": 0.00024251511735306529,
            "7.1": 0,
            "9.1": 0.12437561018535775,
            "10.1": 0.191032622440686,
            "TP": 0
        },
        "opera": {
            "15": 0,
            "16": 0,
            "17": 0,
            "18": 0.00003464501676472361,
            "19": 0,
            "20": 0.00010393505029417083,
            "21": 0,
            "22": 0,
            "23": 0,
            "24": 0,
            "25": 0,
            "26": 0,
            "27": 0,
            "28": 0,
            "29": 0,
            "30": 0,
            "31": 0,
            "32": 0.00003464501676472361,
            "33": 0.00024251511735306529,
            "34": 0.00536997759853216,
            "35": 0.0002771601341177889,
            "36": 0.00034645016764723615,
            "37": 0.00006929003352944723,
            "38": 0.004295982078825728,
            "39": 0,
            "40": 0.02369719146707095,
            "41": 0.0002771601341177889,
            "42": 0.08560783642563205,
            "43": 0.6198686399544349,
            "44": 0.3527555606984158,
            "45": 0.03502611194913557,
            "46": 0.0012125755867653265,
            "10.0-10.1": 0,
            "11.5": 0,
            "12.1": 0
        },
        "ios_saf": {
            "8": 0.0006929003352944723,
            "3.2": 0,
            "4.0-4.1": 0,
            "4.2-4.3": 0,
            "5.0-5.1": 0.0002771601341177889,
            "6.0-6.1": 0.0056124927158852245,
            "7.0-7.1": 0.013580846571771657,
            "8.1-8.4": 0.0779166427038634,
            "9.0-9.2": 0.17526913981273676,
            "9.3": 0.703709580525066,
            "10.0-10.2": 5.723980379834106,
            "10.3": 3.302466933063749
        },
        "op_mini": {
            "all": 0.0007275453520591958
        },
        "android": {
            "3": 0,
            "4": 0.0002771601341177889,
            "56": 0,
            "2.1": 0,
            "2.2": 0,
            "2.3": 0,
            "4.1": 0.004261337062061004,
            "4.2-4.3": 0.007171518470297788,
            "4.4": 0.005958942883532462,
            "4.4.3-4.4.4": 0
        },
        "bb": {
            "7": 0,
            "10": 0
        },
        "op_mob": {
            "12": 0.01254149606882995,
            "37": 0.01254149606882995,
            "12.1": 0.01254149606882995
        },
        "and_chr": {
            "57": 11.74895666532013
        },
        "and_ff": {
            "52": 0.11768912194976612
        },
        "ie_mob": {
            "10": 0,
            "11": 0
        },
        "and_uc": {
            "11.4": 0.010843890247358491
        },
        "samsung": {
            "4": 0
        },
        "and_qq": {
            "1.2": 0
        },
        "baidu": {
            "7.12": 0
        }
    },
    "meta": {
        "start_date": "2017-01-01",
        "end_date": "2017-05-19"
    },
    "uid": "custom.132100250|undefined"
}